"filename", "language", "PHP", "Markdown", "JSON", "XML", "JavaScript", "CSS", "SCSS", "Less", "Ruby", "comment", "blank", "total"
"c:\xampp\htdocs\TiendaOnline_Veterinaria_TerraPet\.idea\modules.xml", "XML", 0, 0, 0, 8, 0, 0, 0, 0, 0, 0, 0, 8
"c:\xampp\htdocs\TiendaOnline_Veterinaria_TerraPet\.idea\php.xml", "XML", 0, 0, 0, 4, 0, 0, 0, 0, 0, 0, 0, 4
"c:\xampp\htdocs\TiendaOnline_Veterinaria_TerraPet\.idea\veterianaria.iml", "XML", 0, 0, 0, 8, 0, 0, 0, 0, 0, 0, 0, 8
"c:\xampp\htdocs\TiendaOnline_Veterinaria_TerraPet\Config\App\Autoload.php", "PHP", 7, 0, 0, 0, 0, 0, 0, 0, 0, 0, 0, 7
"c:\xampp\htdocs\TiendaOnline_Veterinaria_TerraPet\Config\App\Conexion.php", "PHP", 19, 0, 0, 0, 0, 0, 0, 0, 0, 0, 1, 20
"c:\xampp\htdocs\TiendaOnline_Veterinaria_TerraPet\Config\App\Controller.php", "PHP", 19, 0, 0, 0, 0, 0, 0, 0, 0, 0, 3, 22
"c:\xampp\htdocs\TiendaOnline_Veterinaria_TerraPet\Config\App\Helpers.php", "PHP", 0, 0, 0, 0, 0, 0, 0, 0, 0, 0, 1, 1
"c:\xampp\htdocs\TiendaOnline_Veterinaria_TerraPet\Config\App\Query.php", "PHP", 51, 0, 0, 0, 0, 0, 0, 0, 0, 0, 0, 51
"c:\xampp\htdocs\TiendaOnline_Veterinaria_TerraPet\Config\App\Views.php", "PHP", 13, 0, 0, 0, 0, 0, 0, 0, 0, 0, 1, 14
"c:\xampp\htdocs\TiendaOnline_Veterinaria_TerraPet\Config\Config.php", "PHP", 15, 0, 0, 0, 0, 0, 0, 0, 0, 0, 0, 15
"c:\xampp\htdocs\TiendaOnline_Veterinaria_TerraPet\Config\Helpers.php", "PHP", 0, 0, 0, 0, 0, 0, 0, 0, 0, 0, 1, 1
"c:\xampp\htdocs\TiendaOnline_Veterinaria_TerraPet\Controllers\Admin.php", "PHP", 58, 0, 0, 0, 0, 0, 0, 0, 0, 0, 5, 63
"c:\xampp\htdocs\TiendaOnline_Veterinaria_TerraPet\Controllers\Categorias.php", "PHP", 110, 0, 0, 0, 0, 0, 0, 0, 0, 2, 5, 117
"c:\xampp\htdocs\TiendaOnline_Veterinaria_TerraPet\Controllers\Clientes.php", "PHP", 206, 0, 0, 0, 0, 0, 0, 0, 0, 6, 13, 225
"c:\xampp\htdocs\TiendaOnline_Veterinaria_TerraPet\Controllers\Contactos.php", "PHP", 46, 0, 0, 0, 0, 0, 0, 0, 0, 3, 7, 56
"c:\xampp\htdocs\TiendaOnline_Veterinaria_TerraPet\Controllers\Errors.php", "PHP", 12, 0, 0, 0, 0, 0, 0, 0, 0, 0, 1, 13
"c:\xampp\htdocs\TiendaOnline_Veterinaria_TerraPet\Controllers\Home.php", "PHP", 15, 0, 0, 0, 0, 0, 0, 0, 0, 0, 1, 16
"c:\xampp\htdocs\TiendaOnline_Veterinaria_TerraPet\Controllers\Pedidos.php", "PHP", 78, 0, 0, 0, 0, 0, 0, 0, 0, 0, 4, 82
"c:\xampp\htdocs\TiendaOnline_Veterinaria_TerraPet\Controllers\Principal.php", "PHP", 103, 0, 0, 0, 0, 0, 0, 0, 0, 7, 6, 116
"c:\xampp\htdocs\TiendaOnline_Veterinaria_TerraPet\Controllers\Productos.php", "PHP", 113, 0, 0, 0, 0, 0, 0, 0, 0, 2, 4, 119
"c:\xampp\htdocs\TiendaOnline_Veterinaria_TerraPet\Controllers\Usuarios.php", "PHP", 96, 0, 0, 0, 0, 0, 0, 0, 0, 2, 4, 102
"c:\xampp\htdocs\TiendaOnline_Veterinaria_TerraPet\Models\AdminModel.php", "PHP", 28, 0, 0, 0, 0, 0, 0, 0, 0, 1, 3, 32
"c:\xampp\htdocs\TiendaOnline_Veterinaria_TerraPet\Models\CategoriasModel.php", "PHP", 41, 0, 0, 0, 0, 0, 0, 0, 0, 0, 2, 43
"c:\xampp\htdocs\TiendaOnline_Veterinaria_TerraPet\Models\ClientesModel.php", "PHP", 103, 0, 0, 0, 0, 0, 0, 0, 0, 0, 12, 115
"c:\xampp\htdocs\TiendaOnline_Veterinaria_TerraPet\Models\HomeModel.php", "PHP", 18, 0, 0, 0, 0, 0, 0, 0, 0, 1, 2, 21
"c:\xampp\htdocs\TiendaOnline_Veterinaria_TerraPet\Models\PedidosModel.php", "PHP", 19, 0, 0, 0, 0, 0, 0, 0, 0, 0, 3, 22
"c:\xampp\htdocs\TiendaOnline_Veterinaria_TerraPet\Models\PrincipalModel.php", "PHP", 43, 0, 0, 0, 0, 0, 0, 0, 0, 3, 3, 49
"c:\xampp\htdocs\TiendaOnline_Veterinaria_TerraPet\Models\ProductosModel.php", "PHP", 41, 0, 0, 0, 0, 0, 0, 0, 0, 0, 2, 43
"c:\xampp\htdocs\TiendaOnline_Veterinaria_TerraPet\Models\UsuariosModel.php", "PHP", 41, 0, 0, 0, 0, 0, 0, 0, 0, 0, 2, 43
"c:\xampp\htdocs\TiendaOnline_Veterinaria_TerraPet\README.md", "Markdown", 0, 22, 0, 0, 0, 0, 0, 0, 0, 0, 7, 29
"c:\xampp\htdocs\TiendaOnline_Veterinaria_TerraPet\Views\admin\administracion\index.php", "PHP", 72, 0, 0, 0, 0, 0, 0, 0, 0, 0, 3, 75
"c:\xampp\htdocs\TiendaOnline_Veterinaria_TerraPet\Views\admin\categorias\index.php", "PHP", 196, 0, 0, 0, 0, 0, 0, 0, 0, 0, 12, 208
"c:\xampp\htdocs\TiendaOnline_Veterinaria_TerraPet\Views\admin\login.php", "PHP", 96, 0, 0, 0, 0, 0, 0, 0, 0, 0, 8, 104
"c:\xampp\htdocs\TiendaOnline_Veterinaria_TerraPet\Views\admin\pedidos\index.php", "PHP", 218, 0, 0, 0, 0, 0, 0, 0, 0, 0, 13, 231
"c:\xampp\htdocs\TiendaOnline_Veterinaria_TerraPet\Views\admin\productos\index.php", "PHP", 225, 0, 0, 0, 0, 0, 0, 0, 0, 0, 13, 238
"c:\xampp\htdocs\TiendaOnline_Veterinaria_TerraPet\Views\admin\usuarios\index.php", "PHP", 202, 0, 0, 0, 0, 0, 0, 0, 0, 0, 12, 214
"c:\xampp\htdocs\TiendaOnline_Veterinaria_TerraPet\Views\errors\index.php", "PHP", 19, 0, 0, 0, 0, 0, 0, 0, 0, 0, 6, 25
"c:\xampp\htdocs\TiendaOnline_Veterinaria_TerraPet\Views\index.php", "PHP", 138, 0, 0, 0, 0, 0, 0, 0, 0, 0, 7, 145
"c:\xampp\htdocs\TiendaOnline_Veterinaria_TerraPet\Views\principal\about.php", "PHP", 58, 0, 0, 0, 0, 0, 0, 0, 0, 0, 8, 66
"c:\xampp\htdocs\TiendaOnline_Veterinaria_TerraPet\Views\principal\categorias.php", "PHP", 82, 0, 0, 0, 0, 0, 0, 0, 0, 0, 8, 90
"c:\xampp\htdocs\TiendaOnline_Veterinaria_TerraPet\Views\principal\contact.php", "PHP", 47, 0, 0, 0, 0, 0, 0, 0, 0, 0, 5, 52
"c:\xampp\htdocs\TiendaOnline_Veterinaria_TerraPet\Views\principal\deseo.php", "PHP", 40, 0, 0, 0, 0, 0, 0, 0, 0, 0, 4, 44
"c:\xampp\htdocs\TiendaOnline_Veterinaria_TerraPet\Views\principal\detail.php", "PHP", 145, 0, 0, 0, 0, 0, 0, 0, 0, 0, 11, 156
"c:\xampp\htdocs\TiendaOnline_Veterinaria_TerraPet\Views\principal\perfil.php", "PHP", 217, 0, 0, 0, 0, 0, 0, 0, 0, 0, 15, 232
"c:\xampp\htdocs\TiendaOnline_Veterinaria_TerraPet\Views\principal\shop.php", "PHP", 88, 0, 0, 0, 0, 0, 0, 0, 0, 0, 7, 95
"c:\xampp\htdocs\TiendaOnline_Veterinaria_TerraPet\Views\template\footer-admin.php", "PHP", 29, 0, 0, 0, 0, 0, 0, 0, 0, 0, 3, 32
"c:\xampp\htdocs\TiendaOnline_Veterinaria_TerraPet\Views\template\footer-principal.php", "PHP", 180, 0, 0, 0, 0, 0, 0, 0, 0, 0, 12, 192
"c:\xampp\htdocs\TiendaOnline_Veterinaria_TerraPet\Views\template\header-admin.php", "PHP", 86, 0, 0, 0, 0, 0, 0, 0, 0, 0, 2, 88
"c:\xampp\htdocs\TiendaOnline_Veterinaria_TerraPet\Views\template\header-principal.php", "PHP", 166, 0, 0, 0, 0, 0, 0, 0, 0, 1, 27, 194
"c:\xampp\htdocs\TiendaOnline_Veterinaria_TerraPet\assets\DataTables\Buttons-2.3.6\css\buttons.bootstrap.css", "CSS", 0, 0, 0, 0, 0, 369, 0, 0, 0, 0, 18, 387
"c:\xampp\htdocs\TiendaOnline_Veterinaria_TerraPet\assets\DataTables\Buttons-2.3.6\css\buttons.bootstrap.min.css", "CSS", 0, 0, 0, 0, 0, 1, 0, 0, 0, 0, 1, 2
"c:\xampp\htdocs\TiendaOnline_Veterinaria_TerraPet\assets\DataTables\Buttons-2.3.6\css\buttons.bootstrap4.css", "CSS", 0, 0, 0, 0, 0, 414, 0, 0, 0, 0, 17, 431
"c:\xampp\htdocs\TiendaOnline_Veterinaria_TerraPet\assets\DataTables\Buttons-2.3.6\css\buttons.bootstrap4.min.css", "CSS", 0, 0, 0, 0, 0, 1, 0, 0, 0, 0, 1, 2
"c:\xampp\htdocs\TiendaOnline_Veterinaria_TerraPet\assets\DataTables\Buttons-2.3.6\css\buttons.bootstrap5.css", "CSS", 0, 0, 0, 0, 0, 416, 0, 0, 0, 0, 17, 433
"c:\xampp\htdocs\TiendaOnline_Veterinaria_TerraPet\assets\DataTables\Buttons-2.3.6\css\buttons.bootstrap5.min.css", "CSS", 0, 0, 0, 0, 0, 1, 0, 0, 0, 0, 1, 2
"c:\xampp\htdocs\TiendaOnline_Veterinaria_TerraPet\assets\DataTables\Buttons-2.3.6\css\buttons.bulma.css", "CSS", 0, 0, 0, 0, 0, 414, 0, 0, 0, 0, 16, 430
"c:\xampp\htdocs\TiendaOnline_Veterinaria_TerraPet\assets\DataTables\Buttons-2.3.6\css\buttons.bulma.min.css", "CSS", 0, 0, 0, 0, 0, 1, 0, 0, 0, 0, 1, 2
"c:\xampp\htdocs\TiendaOnline_Veterinaria_TerraPet\assets\DataTables\Buttons-2.3.6\css\buttons.dataTables.css", "CSS", 0, 0, 0, 0, 0, 541, 0, 0, 0, 0, 20, 561
"c:\xampp\htdocs\TiendaOnline_Veterinaria_TerraPet\assets\DataTables\Buttons-2.3.6\css\buttons.dataTables.min.css", "CSS", 0, 0, 0, 0, 0, 1, 0, 0, 0, 0, 1, 2
"c:\xampp\htdocs\TiendaOnline_Veterinaria_TerraPet\assets\DataTables\Buttons-2.3.6\css\buttons.foundation.css", "CSS", 0, 0, 0, 0, 0, 356, 0, 0, 0, 0, 16, 372
"c:\xampp\htdocs\TiendaOnline_Veterinaria_TerraPet\assets\DataTables\Buttons-2.3.6\css\buttons.foundation.min.css", "CSS", 0, 0, 0, 0, 0, 1, 0, 0, 0, 0, 1, 2
"c:\xampp\htdocs\TiendaOnline_Veterinaria_TerraPet\assets\DataTables\Buttons-2.3.6\css\buttons.jqueryui.css", "CSS", 0, 0, 0, 0, 0, 373, 0, 0, 0, 0, 15, 388
"c:\xampp\htdocs\TiendaOnline_Veterinaria_TerraPet\assets\DataTables\Buttons-2.3.6\css\buttons.jqueryui.min.css", "CSS", 0, 0, 0, 0, 0, 1, 0, 0, 0, 0, 1, 2
"c:\xampp\htdocs\TiendaOnline_Veterinaria_TerraPet\assets\DataTables\Buttons-2.3.6\css\buttons.semanticui.css", "CSS", 0, 0, 0, 0, 0, 392, 0, 0, 0, 0, 18, 410
"c:\xampp\htdocs\TiendaOnline_Veterinaria_TerraPet\assets\DataTables\Buttons-2.3.6\css\buttons.semanticui.min.css", "CSS", 0, 0, 0, 0, 0, 1, 0, 0, 0, 0, 1, 2
"c:\xampp\htdocs\TiendaOnline_Veterinaria_TerraPet\assets\DataTables\Buttons-2.3.6\css\common.scss", "SCSS", 0, 0, 0, 0, 0, 0, 90, 0, 0, 0, 17, 107
"c:\xampp\htdocs\TiendaOnline_Veterinaria_TerraPet\assets\DataTables\Buttons-2.3.6\css\mixins.scss", "SCSS", 0, 0, 0, 0, 0, 0, 178, 0, 0, 8, 43, 229
"c:\xampp\htdocs\TiendaOnline_Veterinaria_TerraPet\assets\DataTables\Buttons-2.3.6\js\buttons.bootstrap.js", "JavaScript", 0, 0, 0, 0, 87, 0, 0, 0, 0, 8, 12, 107
"c:\xampp\htdocs\TiendaOnline_Veterinaria_TerraPet\assets\DataTables\Buttons-2.3.6\js\buttons.bootstrap.min.js", "JavaScript", 0, 0, 0, 0, 1, 0, 0, 0, 0, 3, 0, 4
"c:\xampp\htdocs\TiendaOnline_Veterinaria_TerraPet\assets\DataTables\Buttons-2.3.6\js\buttons.bootstrap4.js", "JavaScript", 0, 0, 0, 0, 87, 0, 0, 0, 0, 8, 12, 107
"c:\xampp\htdocs\TiendaOnline_Veterinaria_TerraPet\assets\DataTables\Buttons-2.3.6\js\buttons.bootstrap4.min.js", "JavaScript", 0, 0, 0, 0, 1, 0, 0, 0, 0, 3, 0, 4
"c:\xampp\htdocs\TiendaOnline_Veterinaria_TerraPet\assets\DataTables\Buttons-2.3.6\js\buttons.bootstrap5.js", "JavaScript", 0, 0, 0, 0, 87, 0, 0, 0, 0, 8, 12, 107
"c:\xampp\htdocs\TiendaOnline_Veterinaria_TerraPet\assets\DataTables\Buttons-2.3.6\js\buttons.bootstrap5.min.js", "JavaScript", 0, 0, 0, 0, 1, 0, 0, 0, 0, 3, 0, 4
"c:\xampp\htdocs\TiendaOnline_Veterinaria_TerraPet\assets\DataTables\Buttons-2.3.6\js\buttons.bulma.js", "JavaScript", 0, 0, 0, 0, 94, 0, 0, 0, 0, 11, 13, 118
"c:\xampp\htdocs\TiendaOnline_Veterinaria_TerraPet\assets\DataTables\Buttons-2.3.6\js\buttons.bulma.min.js", "JavaScript", 0, 0, 0, 0, 1, 0, 0, 0, 0, 3, 0, 4
"c:\xampp\htdocs\TiendaOnline_Veterinaria_TerraPet\assets\DataTables\Buttons-2.3.6\js\buttons.colVis.js", "JavaScript", 0, 0, 0, 0, 185, 0, 0, 0, 0, 25, 41, 251
"c:\xampp\htdocs\TiendaOnline_Veterinaria_TerraPet\assets\DataTables\Buttons-2.3.6\js\buttons.colVis.min.js", "JavaScript", 0, 0, 0, 0, 1, 0, 0, 0, 0, 4, 0, 5
"c:\xampp\htdocs\TiendaOnline_Veterinaria_TerraPet\assets\DataTables\Buttons-2.3.6\js\buttons.dataTables.js", "JavaScript", 0, 0, 0, 0, 67, 0, 0, 0, 0, 11, 15, 93
"c:\xampp\htdocs\TiendaOnline_Veterinaria_TerraPet\assets\DataTables\Buttons-2.3.6\js\buttons.dataTables.min.js", "JavaScript", 0, 0, 0, 0, 1, 0, 0, 0, 0, 3, 0, 4
"c:\xampp\htdocs\TiendaOnline_Veterinaria_TerraPet\assets\DataTables\Buttons-2.3.6\js\buttons.foundation.js", "JavaScript", 0, 0, 0, 0, 109, 0, 0, 0, 0, 11, 15, 135
"c:\xampp\htdocs\TiendaOnline_Veterinaria_TerraPet\assets\DataTables\Buttons-2.3.6\js\buttons.foundation.min.js", "JavaScript", 0, 0, 0, 0, 1, 0, 0, 0, 0, 3, 0, 4
"c:\xampp\htdocs\TiendaOnline_Veterinaria_TerraPet\assets\DataTables\Buttons-2.3.6\js\buttons.html5.js", "JavaScript", 0, 0, 0, 0, 1121, 0, 0, 0, 0, 158, 216, 1495
"c:\xampp\htdocs\TiendaOnline_Veterinaria_TerraPet\assets\DataTables\Buttons-2.3.6\js\buttons.html5.min.js", "JavaScript", 0, 0, 0, 0, 1, 0, 0, 0, 0, 7, 0, 8
"c:\xampp\htdocs\TiendaOnline_Veterinaria_TerraPet\assets\DataTables\Buttons-2.3.6\js\buttons.jqueryui.js", "JavaScript", 0, 0, 0, 0, 73, 0, 0, 0, 0, 8, 12, 93
"c:\xampp\htdocs\TiendaOnline_Veterinaria_TerraPet\assets\DataTables\Buttons-2.3.6\js\buttons.jqueryui.min.js", "JavaScript", 0, 0, 0, 0, 1, 0, 0, 0, 0, 3, 0, 4
"c:\xampp\htdocs\TiendaOnline_Veterinaria_TerraPet\assets\DataTables\Buttons-2.3.6\js\buttons.print.js", "JavaScript", 0, 0, 0, 0, 156, 0, 0, 0, 0, 34, 49, 239
"c:\xampp\htdocs\TiendaOnline_Veterinaria_TerraPet\assets\DataTables\Buttons-2.3.6\js\buttons.print.min.js", "JavaScript", 0, 0, 0, 0, 1, 0, 0, 0, 0, 4, 0, 5
"c:\xampp\htdocs\TiendaOnline_Veterinaria_TerraPet\assets\DataTables\Buttons-2.3.6\js\buttons.semanticui.js", "JavaScript", 0, 0, 0, 0, 85, 0, 0, 0, 0, 8, 12, 105
"c:\xampp\htdocs\TiendaOnline_Veterinaria_TerraPet\assets\DataTables\Buttons-2.3.6\js\buttons.semanticui.min.js", "JavaScript", 0, 0, 0, 0, 1, 0, 0, 0, 0, 3, 0, 4
"c:\xampp\htdocs\TiendaOnline_Veterinaria_TerraPet\assets\DataTables\Buttons-2.3.6\js\dataTables.buttons.js", "JavaScript", 0, 0, 0, 0, 1753, 0, 0, 0, 0, 388, 398, 2539
"c:\xampp\htdocs\TiendaOnline_Veterinaria_TerraPet\assets\DataTables\Buttons-2.3.6\js\dataTables.buttons.min.js", "JavaScript", 0, 0, 0, 0, 1, 0, 0, 0, 0, 3, 0, 4
"c:\xampp\htdocs\TiendaOnline_Veterinaria_TerraPet\assets\DataTables\DataTables-1.13.4\css\dataTables.bootstrap.css", "CSS", 0, 0, 0, 0, 0, 402, 0, 0, 0, 0, 15, 417
"c:\xampp\htdocs\TiendaOnline_Veterinaria_TerraPet\assets\DataTables\DataTables-1.13.4\css\dataTables.bootstrap.min.css", "CSS", 0, 0, 0, 0, 0, 1, 0, 0, 0, 0, 1, 2
"c:\xampp\htdocs\TiendaOnline_Veterinaria_TerraPet\assets\DataTables\DataTables-1.13.4\css\dataTables.bootstrap4.css", "CSS", 0, 0, 0, 0, 0, 409, 0, 0, 0, 0, 15, 424
"c:\xampp\htdocs\TiendaOnline_Veterinaria_TerraPet\assets\DataTables\DataTables-1.13.4\css\dataTables.bootstrap4.min.css", "CSS", 0, 0, 0, 0, 0, 1, 0, 0, 0, 0, 1, 2
"c:\xampp\htdocs\TiendaOnline_Veterinaria_TerraPet\assets\DataTables\DataTables-1.13.4\css\dataTables.bootstrap5.css", "CSS", 0, 0, 0, 0, 0, 411, 0, 0, 0, 5, 15, 431
"c:\xampp\htdocs\TiendaOnline_Veterinaria_TerraPet\assets\DataTables\DataTables-1.13.4\css\dataTables.bootstrap5.min.css", "CSS", 0, 0, 0, 0, 0, 2, 0, 0, 0, 3, 1, 6
"c:\xampp\htdocs\TiendaOnline_Veterinaria_TerraPet\assets\DataTables\DataTables-1.13.4\css\dataTables.bulma.css", "CSS", 0, 0, 0, 0, 0, 366, 0, 0, 0, 3, 11, 380
"c:\xampp\htdocs\TiendaOnline_Veterinaria_TerraPet\assets\DataTables\DataTables-1.13.4\css\dataTables.bulma.min.css", "CSS", 0, 0, 0, 0, 0, 2, 0, 0, 0, 1, 1, 4
"c:\xampp\htdocs\TiendaOnline_Veterinaria_TerraPet\assets\DataTables\DataTables-1.13.4\css\dataTables.dataTables.css", "CSS", 0, 0, 0, 0, 0, 0, 0, 0, 0, 0, 1, 1
"c:\xampp\htdocs\TiendaOnline_Veterinaria_TerraPet\assets\DataTables\DataTables-1.13.4\css\dataTables.dataTables.min.css", "CSS", 0, 0, 0, 0, 0, 0, 0, 0, 0, 0, 1, 1
"c:\xampp\htdocs\TiendaOnline_Veterinaria_TerraPet\assets\DataTables\DataTables-1.13.4\css\dataTables.foundation.css", "CSS", 0, 0, 0, 0, 0, 347, 0, 0, 0, 0, 11, 358
"c:\xampp\htdocs\TiendaOnline_Veterinaria_TerraPet\assets\DataTables\DataTables-1.13.4\css\dataTables.foundation.min.css", "CSS", 0, 0, 0, 0, 0, 1, 0, 0, 0, 0, 1, 2
"c:\xampp\htdocs\TiendaOnline_Veterinaria_TerraPet\assets\DataTables\DataTables-1.13.4\css\dataTables.jqueryui.css", "CSS", 0, 0, 0, 0, 0, 646, 0, 0, 0, 15, 13, 674
"c:\xampp\htdocs\TiendaOnline_Veterinaria_TerraPet\assets\DataTables\DataTables-1.13.4\css\dataTables.jqueryui.min.css", "CSS", 0, 0, 0, 0, 0, 1, 0, 0, 0, 0, 1, 2
"c:\xampp\htdocs\TiendaOnline_Veterinaria_TerraPet\assets\DataTables\DataTables-1.13.4\css\dataTables.semanticui.css", "CSS", 0, 0, 0, 0, 0, 338, 0, 0, 0, 3, 8, 349
"c:\xampp\htdocs\TiendaOnline_Veterinaria_TerraPet\assets\DataTables\DataTables-1.13.4\css\dataTables.semanticui.min.css", "CSS", 0, 0, 0, 0, 0, 1, 0, 0, 0, 0, 1, 2
"c:\xampp\htdocs\TiendaOnline_Veterinaria_TerraPet\assets\DataTables\DataTables-1.13.4\css\jquery.dataTables.css", "CSS", 0, 0, 0, 0, 0, 563, 0, 0, 0, 12, 10, 585
"c:\xampp\htdocs\TiendaOnline_Veterinaria_TerraPet\assets\DataTables\DataTables-1.13.4\css\jquery.dataTables.min.css", "CSS", 0, 0, 0, 0, 0, 1, 0, 0, 0, 0, 1, 2
"c:\xampp\htdocs\TiendaOnline_Veterinaria_TerraPet\assets\DataTables\DataTables-1.13.4\js\dataTables.bootstrap.js", "JavaScript", 0, 0, 0, 0, 145, 0, 0, 0, 0, 25, 31, 201
"c:\xampp\htdocs\TiendaOnline_Veterinaria_TerraPet\assets\DataTables\DataTables-1.13.4\js\dataTables.bootstrap.min.js", "JavaScript", 0, 0, 0, 0, 1, 0, 0, 0, 0, 3, 0, 4
"c:\xampp\htdocs\TiendaOnline_Veterinaria_TerraPet\assets\DataTables\DataTables-1.13.4\js\dataTables.bootstrap4.js", "JavaScript", 0, 0, 0, 0, 147, 0, 0, 0, 0, 25, 31, 203
"c:\xampp\htdocs\TiendaOnline_Veterinaria_TerraPet\assets\DataTables\DataTables-1.13.4\js\dataTables.bootstrap4.min.js", "JavaScript", 0, 0, 0, 0, 1, 0, 0, 0, 0, 3, 0, 4
"c:\xampp\htdocs\TiendaOnline_Veterinaria_TerraPet\assets\DataTables\DataTables-1.13.4\js\dataTables.bootstrap5.js", "JavaScript", 0, 0, 0, 0, 155, 0, 0, 0, 0, 25, 33, 213
"c:\xampp\htdocs\TiendaOnline_Veterinaria_TerraPet\assets\DataTables\DataTables-1.13.4\js\dataTables.bootstrap5.min.js", "JavaScript", 0, 0, 0, 0, 1, 0, 0, 0, 0, 3, 0, 4
"c:\xampp\htdocs\TiendaOnline_Veterinaria_TerraPet\assets\DataTables\DataTables-1.13.4\js\dataTables.bulma.js", "JavaScript", 0, 0, 0, 0, 159, 0, 0, 0, 0, 22, 34, 215
"c:\xampp\htdocs\TiendaOnline_Veterinaria_TerraPet\assets\DataTables\DataTables-1.13.4\js\dataTables.bulma.min.js", "JavaScript", 0, 0, 0, 0, 1, 0, 0, 0, 0, 3, 0, 4
"c:\xampp\htdocs\TiendaOnline_Veterinaria_TerraPet\assets\DataTables\DataTables-1.13.4\js\dataTables.dataTables.js", "JavaScript", 0, 0, 0, 0, 38, 0, 0, 0, 0, 8, 10, 56
"c:\xampp\htdocs\TiendaOnline_Veterinaria_TerraPet\assets\DataTables\DataTables-1.13.4\js\dataTables.dataTables.min.js", "JavaScript", 0, 0, 0, 0, 1, 0, 0, 0, 0, 3, 0, 4
"c:\xampp\htdocs\TiendaOnline_Veterinaria_TerraPet\assets\DataTables\DataTables-1.13.4\js\dataTables.foundation.js", "JavaScript", 0, 0, 0, 0, 151, 0, 0, 0, 0, 19, 31, 201
"c:\xampp\htdocs\TiendaOnline_Veterinaria_TerraPet\assets\DataTables\DataTables-1.13.4\js\dataTables.foundation.min.js", "JavaScript", 0, 0, 0, 0, 1, 0, 0, 0, 0, 3, 0, 4
"c:\xampp\htdocs\TiendaOnline_Veterinaria_TerraPet\assets\DataTables\DataTables-1.13.4\js\dataTables.jqueryui.js", "JavaScript", 0, 0, 0, 0, 57, 0, 0, 0, 0, 21, 18, 96
"c:\xampp\htdocs\TiendaOnline_Veterinaria_TerraPet\assets\DataTables\DataTables-1.13.4\js\dataTables.jqueryui.min.js", "JavaScript", 0, 0, 0, 0, 1, 0, 0, 0, 0, 3, 0, 4
"c:\xampp\htdocs\TiendaOnline_Veterinaria_TerraPet\assets\DataTables\DataTables-1.13.4\js\dataTables.semanticui.js", "JavaScript", 0, 0, 0, 0, 166, 0, 0, 0, 0, 27, 36, 229
"c:\xampp\htdocs\TiendaOnline_Veterinaria_TerraPet\assets\DataTables\DataTables-1.13.4\js\dataTables.semanticui.min.js", "JavaScript", 0, 0, 0, 0, 1, 0, 0, 0, 0, 3, 0, 4
"c:\xampp\htdocs\TiendaOnline_Veterinaria_TerraPet\assets\DataTables\DataTables-1.13.4\js\jquery.dataTables.js", "JavaScript", 0, 0, 0, 0, 6733, 0, 0, 0, 0, 6892, 2062, 15687
"c:\xampp\htdocs\TiendaOnline_Veterinaria_TerraPet\assets\DataTables\DataTables-1.13.4\js\jquery.dataTables.min.js", "JavaScript", 0, 0, 0, 0, 1, 0, 0, 0, 0, 3, 0, 4
"c:\xampp\htdocs\TiendaOnline_Veterinaria_TerraPet\assets\DataTables\JSZip-2.5.0\jszip.js", "JavaScript", 0, 0, 0, 0, 5349, 0, 0, 0, 0, 2717, 1089, 9155
"c:\xampp\htdocs\TiendaOnline_Veterinaria_TerraPet\assets\DataTables\JSZip-2.5.0\jszip.min.js", "JavaScript", 0, 0, 0, 0, 3, 0, 0, 0, 0, 11, 0, 14
"c:\xampp\htdocs\TiendaOnline_Veterinaria_TerraPet\assets\DataTables\Responsive-2.4.1\css\responsive.bootstrap.css", "CSS", 0, 0, 0, 0, 0, 184, 0, 0, 0, 0, 2, 186
"c:\xampp\htdocs\TiendaOnline_Veterinaria_TerraPet\assets\DataTables\Responsive-2.4.1\css\responsive.bootstrap.min.css", "CSS", 0, 0, 0, 0, 0, 1, 0, 0, 0, 0, 1, 2
"c:\xampp\htdocs\TiendaOnline_Veterinaria_TerraPet\assets\DataTables\Responsive-2.4.1\css\responsive.bootstrap4.css", "CSS", 0, 0, 0, 0, 0, 184, 0, 0, 0, 0, 2, 186
"c:\xampp\htdocs\TiendaOnline_Veterinaria_TerraPet\assets\DataTables\Responsive-2.4.1\css\responsive.bootstrap4.min.css", "CSS", 0, 0, 0, 0, 0, 1, 0, 0, 0, 0, 1, 2
"c:\xampp\htdocs\TiendaOnline_Veterinaria_TerraPet\assets\DataTables\Responsive-2.4.1\css\responsive.bootstrap5.css", "CSS", 0, 0, 0, 0, 0, 188, 0, 0, 0, 0, 3, 191
"c:\xampp\htdocs\TiendaOnline_Veterinaria_TerraPet\assets\DataTables\Responsive-2.4.1\css\responsive.bootstrap5.min.css", "CSS", 0, 0, 0, 0, 0, 1, 0, 0, 0, 0, 1, 2
"c:\xampp\htdocs\TiendaOnline_Veterinaria_TerraPet\assets\DataTables\Responsive-2.4.1\css\responsive.bulma.css", "CSS", 0, 0, 0, 0, 0, 189, 0, 0, 0, 0, 3, 192
"c:\xampp\htdocs\TiendaOnline_Veterinaria_TerraPet\assets\DataTables\Responsive-2.4.1\css\responsive.bulma.min.css", "CSS", 0, 0, 0, 0, 0, 1, 0, 0, 0, 0, 1, 2
"c:\xampp\htdocs\TiendaOnline_Veterinaria_TerraPet\assets\DataTables\Responsive-2.4.1\css\responsive.dataTables.css", "CSS", 0, 0, 0, 0, 0, 181, 0, 0, 0, 0, 2, 183
"c:\xampp\htdocs\TiendaOnline_Veterinaria_TerraPet\assets\DataTables\Responsive-2.4.1\css\responsive.dataTables.min.css", "CSS", 0, 0, 0, 0, 0, 1, 0, 0, 0, 0, 1, 2
"c:\xampp\htdocs\TiendaOnline_Veterinaria_TerraPet\assets\DataTables\Responsive-2.4.1\css\responsive.foundation.css", "CSS", 0, 0, 0, 0, 0, 184, 0, 0, 0, 0, 2, 186
"c:\xampp\htdocs\TiendaOnline_Veterinaria_TerraPet\assets\DataTables\Responsive-2.4.1\css\responsive.foundation.min.css", "CSS", 0, 0, 0, 0, 0, 1, 0, 0, 0, 0, 1, 2
"c:\xampp\htdocs\TiendaOnline_Veterinaria_TerraPet\assets\DataTables\Responsive-2.4.1\css\responsive.jqueryui.css", "CSS", 0, 0, 0, 0, 0, 181, 0, 0, 0, 0, 2, 183
"c:\xampp\htdocs\TiendaOnline_Veterinaria_TerraPet\assets\DataTables\Responsive-2.4.1\css\responsive.jqueryui.min.css", "CSS", 0, 0, 0, 0, 0, 1, 0, 0, 0, 0, 1, 2
"c:\xampp\htdocs\TiendaOnline_Veterinaria_TerraPet\assets\DataTables\Responsive-2.4.1\css\responsive.semanticui.css", "CSS", 0, 0, 0, 0, 0, 184, 0, 0, 0, 0, 2, 186
"c:\xampp\htdocs\TiendaOnline_Veterinaria_TerraPet\assets\DataTables\Responsive-2.4.1\css\responsive.semanticui.min.css", "CSS", 0, 0, 0, 0, 0, 1, 0, 0, 0, 0, 1, 2
"c:\xampp\htdocs\TiendaOnline_Veterinaria_TerraPet\assets\DataTables\Responsive-2.4.1\js\dataTables.responsive.js", "JavaScript", 0, 0, 0, 0, 907, 0, 0, 0, 0, 406, 221, 1534
"c:\xampp\htdocs\TiendaOnline_Veterinaria_TerraPet\assets\DataTables\Responsive-2.4.1\js\dataTables.responsive.min.js", "JavaScript", 0, 0, 0, 0, 1, 0, 0, 0, 0, 3, 0, 4
"c:\xampp\htdocs\TiendaOnline_Veterinaria_TerraPet\assets\DataTables\Responsive-2.4.1\js\responsive.bootstrap.js", "JavaScript", 0, 0, 0, 0, 80, 0, 0, 0, 0, 8, 15, 103
"c:\xampp\htdocs\TiendaOnline_Veterinaria_TerraPet\assets\DataTables\Responsive-2.4.1\js\responsive.bootstrap.min.js", "JavaScript", 0, 0, 0, 0, 1, 0, 0, 0, 0, 3, 0, 4
"c:\xampp\htdocs\TiendaOnline_Veterinaria_TerraPet\assets\DataTables\Responsive-2.4.1\js\responsive.bootstrap4.js", "JavaScript", 0, 0, 0, 0, 80, 0, 0, 0, 0, 8, 15, 103
"c:\xampp\htdocs\TiendaOnline_Veterinaria_TerraPet\assets\DataTables\Responsive-2.4.1\js\responsive.bootstrap4.min.js", "JavaScript", 0, 0, 0, 0, 1, 0, 0, 0, 0, 3, 0, 4
"c:\xampp\htdocs\TiendaOnline_Veterinaria_TerraPet\assets\DataTables\Responsive-2.4.1\js\responsive.bootstrap5.js", "JavaScript", 0, 0, 0, 0, 89, 0, 0, 0, 0, 11, 19, 119
"c:\xampp\htdocs\TiendaOnline_Veterinaria_TerraPet\assets\DataTables\Responsive-2.4.1\js\responsive.bootstrap5.min.js", "JavaScript", 0, 0, 0, 0, 1, 0, 0, 0, 0, 3, 0, 4
"c:\xampp\htdocs\TiendaOnline_Veterinaria_TerraPet\assets\DataTables\Responsive-2.4.1\js\responsive.bulma.js", "JavaScript", 0, 0, 0, 0, 80, 0, 0, 0, 0, 8, 17, 105
"c:\xampp\htdocs\TiendaOnline_Veterinaria_TerraPet\assets\DataTables\Responsive-2.4.1\js\responsive.bulma.min.js", "JavaScript", 0, 0, 0, 0, 1, 0, 0, 0, 0, 3, 0, 4
"c:\xampp\htdocs\TiendaOnline_Veterinaria_TerraPet\assets\DataTables\Responsive-2.4.1\js\responsive.dataTables.js", "JavaScript", 0, 0, 0, 0, 41, 0, 0, 0, 0, 8, 10, 59
"c:\xampp\htdocs\TiendaOnline_Veterinaria_TerraPet\assets\DataTables\Responsive-2.4.1\js\responsive.dataTables.min.js", "JavaScript", 0, 0, 0, 0, 1, 0, 0, 0, 0, 3, 0, 4
"c:\xampp\htdocs\TiendaOnline_Veterinaria_TerraPet\assets\DataTables\Responsive-2.4.1\js\responsive.foundation.js", "JavaScript", 0, 0, 0, 0, 67, 0, 0, 0, 0, 8, 14, 89
"c:\xampp\htdocs\TiendaOnline_Veterinaria_TerraPet\assets\DataTables\Responsive-2.4.1\js\responsive.foundation.min.js", "JavaScript", 0, 0, 0, 0, 1, 0, 0, 0, 0, 3, 0, 4
"c:\xampp\htdocs\TiendaOnline_Veterinaria_TerraPet\assets\DataTables\Responsive-2.4.1\js\responsive.jqueryui.js", "JavaScript", 0, 0, 0, 0, 61, 0, 0, 0, 0, 8, 12, 81
"c:\xampp\htdocs\TiendaOnline_Veterinaria_TerraPet\assets\DataTables\Responsive-2.4.1\js\responsive.jqueryui.min.js", "JavaScript", 0, 0, 0, 0, 1, 0, 0, 0, 0, 3, 0, 4
"c:\xampp\htdocs\TiendaOnline_Veterinaria_TerraPet\assets\DataTables\Responsive-2.4.1\js\responsive.semanticui.js", "JavaScript", 0, 0, 0, 0, 74, 0, 0, 0, 0, 9, 15, 98
"c:\xampp\htdocs\TiendaOnline_Veterinaria_TerraPet\assets\DataTables\Responsive-2.4.1\js\responsive.semanticui.min.js", "JavaScript", 0, 0, 0, 0, 1, 0, 0, 0, 0, 3, 0, 4
"c:\xampp\htdocs\TiendaOnline_Veterinaria_TerraPet\assets\DataTables\datatables.css", "CSS", 0, 0, 0, 0, 0, 1015, 0, 0, 0, 16, 40, 1071
"c:\xampp\htdocs\TiendaOnline_Veterinaria_TerraPet\assets\DataTables\datatables.js", "JavaScript", 0, 0, 0, 0, 52808, 0, 0, 0, 0, 16725, 12053, 81586
"c:\xampp\htdocs\TiendaOnline_Veterinaria_TerraPet\assets\DataTables\datatables.min.css", "CSS", 0, 0, 0, 0, 0, 4, 0, 0, 0, 14, 8, 26
"c:\xampp\htdocs\TiendaOnline_Veterinaria_TerraPet\assets\DataTables\datatables.min.js", "JavaScript", 0, 0, 0, 0, 106, 0, 0, 0, 0, 61, 33, 200
"c:\xampp\htdocs\TiendaOnline_Veterinaria_TerraPet\assets\DataTables\pdfmake-0.1.36\pdfmake.js", "JavaScript", 0, 0, 0, 0, 36452, 0, 0, 0, 0, 6075, 7941, 50468
"c:\xampp\htdocs\TiendaOnline_Veterinaria_TerraPet\assets\DataTables\pdfmake-0.1.36\pdfmake.min.js", "JavaScript", 0, 0, 0, 0, 1, 0, 0, 0, 0, 2, 1, 4
"c:\xampp\htdocs\TiendaOnline_Veterinaria_TerraPet\assets\DataTables\pdfmake-0.1.36\vfs_fonts.js", "JavaScript", 0, 0, 0, 0, 6, 0, 0, 0, 0, 0, 0, 6
"c:\xampp\htdocs\TiendaOnline_Veterinaria_TerraPet\assets\css\bootstrap.min.css", "CSS", 0, 0, 0, 0, 0, 2, 0, 0, 0, 5, 0, 7
"c:\xampp\htdocs\TiendaOnline_Veterinaria_TerraPet\assets\css\indexAdmin\styles.css", "CSS", 0, 0, 0, 0, 0, 9887, 0, 0, 0, 33, 1781, 11701
"c:\xampp\htdocs\TiendaOnline_Veterinaria_TerraPet\assets\css\slick\config.rb", "Ruby", 0, 0, 0, 0, 0, 0, 0, 0, 8, 0, 2, 10
"c:\xampp\htdocs\TiendaOnline_Veterinaria_TerraPet\assets\css\slick\fonts\slick.svg", "XML", 0, 0, 0, 13, 0, 0, 0, 0, 0, 0, 2, 15
"c:\xampp\htdocs\TiendaOnline_Veterinaria_TerraPet\assets\css\slick\slick-theme.css", "CSS", 0, 0, 0, 0, 0, 170, 0, 0, 0, 4, 31, 205
"c:\xampp\htdocs\TiendaOnline_Veterinaria_TerraPet\assets\css\slick\slick-theme.less", "Less", 0, 0, 0, 0, 0, 0, 0, 152, 0, 5, 12, 169
"c:\xampp\htdocs\TiendaOnline_Veterinaria_TerraPet\assets\css\slick\slick-theme.scss", "SCSS", 0, 0, 0, 0, 0, 0, 170, 0, 0, 9, 16, 195
"c:\xampp\htdocs\TiendaOnline_Veterinaria_TerraPet\assets\css\slick\slick.css", "CSS", 0, 0, 0, 0, 0, 104, 0, 0, 0, 1, 15, 120
"c:\xampp\htdocs\TiendaOnline_Veterinaria_TerraPet\assets\css\slick\slick.js", "JavaScript", 0, 0, 0, 0, 2119, 0, 0, 0, 0, 47, 846, 3012
"c:\xampp\htdocs\TiendaOnline_Veterinaria_TerraPet\assets\css\slick\slick.less", "Less", 0, 0, 0, 0, 0, 0, 0, 87, 0, 1, 13, 101
"c:\xampp\htdocs\TiendaOnline_Veterinaria_TerraPet\assets\css\slick\slick.min.js", "JavaScript", 0, 0, 0, 0, 1, 0, 0, 0, 0, 0, 1, 2
"c:\xampp\htdocs\TiendaOnline_Veterinaria_TerraPet\assets\css\slick\slick.scss", "SCSS", 0, 0, 0, 0, 0, 0, 87, 0, 0, 1, 13, 101
"c:\xampp\htdocs\TiendaOnline_Veterinaria_TerraPet\assets\css\styles.css", "CSS", 0, 0, 0, 0, 0, 9887, 0, 0, 0, 33, 1781, 11701
"c:\xampp\htdocs\TiendaOnline_Veterinaria_TerraPet\assets\css\templatemo.css", "CSS", 0, 0, 0, 0, 0, 149, 0, 0, 0, 47, 11, 207
"c:\xampp\htdocs\TiendaOnline_Veterinaria_TerraPet\assets\demo\char-bar-2.js", "JavaScript", 0, 0, 0, 0, 59, 0, 0, 0, 0, 1, 2, 62
"c:\xampp\htdocs\TiendaOnline_Veterinaria_TerraPet\assets\demo\chart-area-demo.js", "JavaScript", 0, 0, 0, 0, 69, 0, 0, 0, 0, 2, 3, 74
"c:\xampp\htdocs\TiendaOnline_Veterinaria_TerraPet\assets\demo\chart-bar-demo.js", "JavaScript", 0, 0, 0, 0, 47, 0, 0, 0, 0, 2, 2, 51
"c:\xampp\htdocs\TiendaOnline_Veterinaria_TerraPet\assets\demo\chart-pie-demo.js", "JavaScript", 0, 0, 0, 0, 13, 0, 0, 0, 0, 2, 2, 17
"c:\xampp\htdocs\TiendaOnline_Veterinaria_TerraPet\assets\demo\datatables-demo.js", "JavaScript", 0, 0, 0, 0, 3, 0, 0, 0, 0, 1, 1, 5
"c:\xampp\htdocs\TiendaOnline_Veterinaria_TerraPet\assets\demo\datatables-simple-demo.js", "JavaScript", 0, 0, 0, 0, 6, 0, 0, 0, 0, 2, 2, 10
"c:\xampp\htdocs\TiendaOnline_Veterinaria_TerraPet\assets\demo\scripts.js", "JavaScript", 0, 0, 0, 0, 10, 0, 0, 0, 0, 13, 4, 27
"c:\xampp\htdocs\TiendaOnline_Veterinaria_TerraPet\assets\favicon\browserconfig.xml", "XML", 0, 0, 0, 2, 0, 0, 0, 0, 0, 0, 0, 2
"c:\xampp\htdocs\TiendaOnline_Veterinaria_TerraPet\assets\favicon\manifest.json", "JSON", 0, 0, 41, 0, 0, 0, 0, 0, 0, 0, 0, 41
"c:\xampp\htdocs\TiendaOnline_Veterinaria_TerraPet\assets\img\error-404-monochrome.svg", "XML", 0, 0, 0, 1, 0, 0, 0, 0, 0, 0, 0, 1
"c:\xampp\htdocs\TiendaOnline_Veterinaria_TerraPet\assets\js\all.min.js", "JavaScript", 0, 0, 0, 0, 433, 0, 0, 0, 0, 4, 61, 498
"c:\xampp\htdocs\TiendaOnline_Veterinaria_TerraPet\assets\js\bootstrap.bundle.min.js", "JavaScript", 0, 0, 0, 0, 1, 0, 0, 0, 0, 6, 0, 7
"c:\xampp\htdocs\TiendaOnline_Veterinaria_TerraPet\assets\js\carrito.js", "JavaScript", 0, 0, 0, 0, 163, 0, 0, 0, 0, 3, 11, 177
"c:\xampp\htdocs\TiendaOnline_Veterinaria_TerraPet\assets\js\ckeditor.js", "JavaScript", 0, 0, 0, 0, 2, 0, 0, 0, 0, 5, 0, 7
"c:\xampp\htdocs\TiendaOnline_Veterinaria_TerraPet\assets\js\clientes.js", "JavaScript", 0, 0, 0, 0, 216, 0, 0, 0, 0, 18, 18, 252
"c:\xampp\htdocs\TiendaOnline_Veterinaria_TerraPet\assets\js\datatables-simple-demo.js", "JavaScript", 0, 0, 0, 0, 6, 0, 0, 0, 0, 2, 2, 10
"c:\xampp\htdocs\TiendaOnline_Veterinaria_TerraPet\assets\js\es-ES.js", "JavaScript", 0, 0, 0, 0, 242, 0, 0, 0, 0, 0, 1, 243
"c:\xampp\htdocs\TiendaOnline_Veterinaria_TerraPet\assets\js\jquery-3.6.0.min.js", "JavaScript", 0, 0, 0, 0, 1, 0, 0, 0, 0, 1, 1, 3
"c:\xampp\htdocs\TiendaOnline_Veterinaria_TerraPet\assets\js\jquery-migrate-1.2.1.min.js", "JavaScript", 0, 0, 0, 0, 1, 0, 0, 0, 0, 1, 0, 2
"c:\xampp\htdocs\TiendaOnline_Veterinaria_TerraPet\assets\js\login.js", "JavaScript", 0, 0, 0, 0, 135, 0, 0, 0, 0, 5, 14, 154
"c:\xampp\htdocs\TiendaOnline_Veterinaria_TerraPet\assets\js\modulos\categorias.js", "JavaScript", 0, 0, 0, 0, 115, 0, 0, 0, 0, 3, 6, 124
"c:\xampp\htdocs\TiendaOnline_Veterinaria_TerraPet\assets\js\modulos\contactos.js", "JavaScript", 0, 0, 0, 0, 54, 0, 0, 0, 0, 0, 2, 56
"c:\xampp\htdocs\TiendaOnline_Veterinaria_TerraPet\assets\js\modulos\detail.js", "JavaScript", 0, 0, 0, 0, 8, 0, 0, 0, 0, 0, 1, 9
"c:\xampp\htdocs\TiendaOnline_Veterinaria_TerraPet\assets\js\modulos\listaDeseo.js", "JavaScript", 0, 0, 0, 0, 67, 0, 0, 0, 0, 1, 5, 73
"c:\xampp\htdocs\TiendaOnline_Veterinaria_TerraPet\assets\js\modulos\login.js", "JavaScript", 0, 0, 0, 0, 41, 0, 0, 0, 0, 0, 2, 43
"c:\xampp\htdocs\TiendaOnline_Veterinaria_TerraPet\assets\js\modulos\pedidos.js", "JavaScript", 0, 0, 0, 0, 122, 0, 0, 0, 0, 1, 10, 133
"c:\xampp\htdocs\TiendaOnline_Veterinaria_TerraPet\assets\js\modulos\productos.js", "JavaScript", 0, 0, 0, 0, 109, 0, 0, 0, 0, 1, 6, 116
"c:\xampp\htdocs\TiendaOnline_Veterinaria_TerraPet\assets\js\modulos\usuarios.js", "JavaScript", 0, 0, 0, 0, 115, 0, 0, 0, 0, 3, 6, 124
"c:\xampp\htdocs\TiendaOnline_Veterinaria_TerraPet\assets\js\scripts.js", "JavaScript", 0, 0, 0, 0, 10, 0, 0, 0, 0, 13, 4, 27
"c:\xampp\htdocs\TiendaOnline_Veterinaria_TerraPet\assets\js\sweetalert2.all.min.js", "JavaScript", 0, 0, 0, 0, 2, 0, 0, 0, 0, 0, 0, 2
"c:\xampp\htdocs\TiendaOnline_Veterinaria_TerraPet\assets\js\templatemo.js", "JavaScript", 0, 0, 0, 0, 41, 0, 0, 0, 0, 11, 6, 58
"c:\xampp\htdocs\TiendaOnline_Veterinaria_TerraPet\composer.json", "JSON", 0, 0, 5, 0, 0, 0, 0, 0, 0, 0, 1, 6
"c:\xampp\htdocs\TiendaOnline_Veterinaria_TerraPet\composer.lock", "JSON", 0, 0, 99, 0, 0, 0, 0, 0, 0, 0, 1, 100
"c:\xampp\htdocs\TiendaOnline_Veterinaria_TerraPet\index.php", "PHP", 35, 0, 0, 0, 0, 0, 0, 0, 0, 0, 0, 35
"c:\xampp\htdocs\TiendaOnline_Veterinaria_TerraPet\vendor\autoload.php", "PHP", 20, 0, 0, 0, 0, 0, 0, 0, 0, 1, 5, 26
"c:\xampp\htdocs\TiendaOnline_Veterinaria_TerraPet\vendor\composer\ClassLoader.php", "PHP", 284, 0, 0, 0, 0, 0, 0, 0, 0, 243, 59, 586
"c:\xampp\htdocs\TiendaOnline_Veterinaria_TerraPet\vendor\composer\InstalledVersions.php", "PHP", 174, 0, 0, 0, 0, 0, 0, 0, 0, 131, 48, 353
"c:\xampp\htdocs\TiendaOnline_Veterinaria_TerraPet\vendor\composer\autoload_classmap.php", "PHP", 6, 0, 0, 0, 0, 0, 0, 0, 0, 1, 4, 11
"c:\xampp\htdocs\TiendaOnline_Veterinaria_TerraPet\vendor\composer\autoload_namespaces.php", "PHP", 5, 0, 0, 0, 0, 0, 0, 0, 0, 1, 4, 10
"c:\xampp\htdocs\TiendaOnline_Veterinaria_TerraPet\vendor\composer\autoload_psr4.php", "PHP", 6, 0, 0, 0, 0, 0, 0, 0, 0, 1, 4, 11
"c:\xampp\htdocs\TiendaOnline_Veterinaria_TerraPet\vendor\composer\autoload_real.php", "PHP", 25, 0, 0, 0, 0, 0, 0, 0, 0, 4, 10, 39
"c:\xampp\htdocs\TiendaOnline_Veterinaria_TerraPet\vendor\composer\autoload_static.php", "PHP", 28, 0, 0, 0, 0, 0, 0, 0, 0, 1, 8, 37
"c:\xampp\htdocs\TiendaOnline_Veterinaria_TerraPet\vendor\composer\installed.json", "JSON", 0, 0, 89, 0, 0, 0, 0, 0, 0, 0, 1, 90
"c:\xampp\htdocs\TiendaOnline_Veterinaria_TerraPet\vendor\composer\installed.php", "PHP", 32, 0, 0, 0, 0, 0, 0, 0, 0, 0, 1, 33
"c:\xampp\htdocs\TiendaOnline_Veterinaria_TerraPet\vendor\composer\platform_check.php", "PHP", 21, 0, 0, 0, 0, 0, 0, 0, 0, 1, 5, 27
"c:\xampp\htdocs\TiendaOnline_Veterinaria_TerraPet\vendor\phpmailer\phpmailer\README.md", "Markdown", 0, 167, 0, 0, 0, 0, 0, 0, 0, 0, 64, 231
"c:\xampp\htdocs\TiendaOnline_Veterinaria_TerraPet\vendor\phpmailer\phpmailer\SECURITY.md", "Markdown", 0, 19, 0, 0, 0, 0, 0, 0, 0, 0, 19, 38
"c:\xampp\htdocs\TiendaOnline_Veterinaria_TerraPet\vendor\phpmailer\phpmailer\composer.json", "JSON", 0, 0, 78, 0, 0, 0, 0, 0, 0, 0, 1, 79
"c:\xampp\htdocs\TiendaOnline_Veterinaria_TerraPet\vendor\phpmailer\phpmailer\get_oauth_token.php", "PHP", 117, 0, 0, 0, 0, 0, 0, 0, 0, 48, 18, 183
"c:\xampp\htdocs\TiendaOnline_Veterinaria_TerraPet\vendor\phpmailer\phpmailer\language\phpmailer.lang-af.php", "PHP", 20, 0, 0, 0, 0, 0, 0, 0, 0, 4, 3, 27
"c:\xampp\htdocs\TiendaOnline_Veterinaria_TerraPet\vendor\phpmailer\phpmailer\language\phpmailer.lang-ar.php", "PHP", 20, 0, 0, 0, 0, 0, 0, 0, 0, 5, 3, 28
"c:\xampp\htdocs\TiendaOnline_Veterinaria_TerraPet\vendor\phpmailer\phpmailer\language\phpmailer.lang-az.php", "PHP", 19, 0, 0, 0, 0, 0, 0, 0, 0, 6, 3, 28
"c:\xampp\htdocs\TiendaOnline_Veterinaria_TerraPet\vendor\phpmailer\phpmailer\language\phpmailer.lang-ba.php", "PHP", 20, 0, 0, 0, 0, 0, 0, 0, 0, 5, 3, 28
"c:\xampp\htdocs\TiendaOnline_Veterinaria_TerraPet\vendor\phpmailer\phpmailer\language\phpmailer.lang-be.php", "PHP", 19, 0, 0, 0, 0, 0, 0, 0, 0, 6, 3, 28
"c:\xampp\htdocs\TiendaOnline_Veterinaria_TerraPet\vendor\phpmailer\phpmailer\language\phpmailer.lang-bg.php", "PHP", 20, 0, 0, 0, 0, 0, 0, 0, 0, 5, 3, 28
"c:\xampp\htdocs\TiendaOnline_Veterinaria_TerraPet\vendor\phpmailer\phpmailer\language\phpmailer.lang-ca.php", "PHP", 19, 0, 0, 0, 0, 0, 0, 0, 0, 6, 3, 28
"c:\xampp\htdocs\TiendaOnline_Veterinaria_TerraPet\vendor\phpmailer\phpmailer\language\phpmailer.lang-cs.php", "PHP", 22, 0, 0, 0, 0, 0, 0, 0, 0, 4, 3, 29
"c:\xampp\htdocs\TiendaOnline_Veterinaria_TerraPet\vendor\phpmailer\phpmailer\language\phpmailer.lang-da.php", "PHP", 26, 0, 0, 0, 0, 0, 0, 0, 0, 7, 3, 36
"c:\xampp\htdocs\TiendaOnline_Veterinaria_TerraPet\vendor\phpmailer\phpmailer\language\phpmailer.lang-de.php", "PHP", 22, 0, 0, 0, 0, 0, 0, 0, 0, 4, 3, 29
"c:\xampp\htdocs\TiendaOnline_Veterinaria_TerraPet\vendor\phpmailer\phpmailer\language\phpmailer.lang-el.php", "PHP", 27, 0, 0, 0, 0, 0, 0, 0, 0, 4, 3, 34
"c:\xampp\htdocs\TiendaOnline_Veterinaria_TerraPet\vendor\phpmailer\phpmailer\language\phpmailer.lang-eo.php", "PHP", 20, 0, 0, 0, 0, 0, 0, 0, 0, 4, 3, 27
"c:\xampp\htdocs\TiendaOnline_Veterinaria_TerraPet\vendor\phpmailer\phpmailer\language\phpmailer.lang-es.php", "PHP", 23, 0, 0, 0, 0, 0, 0, 0, 0, 6, 3, 32
"c:\xampp\htdocs\TiendaOnline_Veterinaria_TerraPet\vendor\phpmailer\phpmailer\language\phpmailer.lang-et.php", "PHP", 20, 0, 0, 0, 0, 0, 0, 0, 0, 6, 3, 29
"c:\xampp\htdocs\TiendaOnline_Veterinaria_TerraPet\vendor\phpmailer\phpmailer\language\phpmailer.lang-fa.php", "PHP", 20, 0, 0, 0, 0, 0, 0, 0, 0, 6, 3, 29
"c:\xampp\htdocs\TiendaOnline_Veterinaria_TerraPet\vendor\phpmailer\phpmailer\language\phpmailer.lang-fi.php", "PHP", 14, 0, 0, 0, 0, 0, 0, 0, 0, 12, 3, 29
"c:\xampp\htdocs\TiendaOnline_Veterinaria_TerraPet\vendor\phpmailer\phpmailer\language\phpmailer.lang-fo.php", "PHP", 13, 0, 0, 0, 0, 0, 0, 0, 0, 12, 3, 28
"c:\xampp\htdocs\TiendaOnline_Veterinaria_TerraPet\vendor\phpmailer\phpmailer\language\phpmailer.lang-fr.php", "PHP", 28, 0, 0, 0, 0, 0, 0, 0, 0, 8, 3, 39
"c:\xampp\htdocs\TiendaOnline_Veterinaria_TerraPet\vendor\phpmailer\phpmailer\language\phpmailer.lang-gl.php", "PHP", 19, 0, 0, 0, 0, 0, 0, 0, 0, 6, 3, 28
"c:\xampp\htdocs\TiendaOnline_Veterinaria_TerraPet\vendor\phpmailer\phpmailer\language\phpmailer.lang-he.php", "PHP", 19, 0, 0, 0, 0, 0, 0, 0, 0, 6, 3, 28
"c:\xampp\htdocs\TiendaOnline_Veterinaria_TerraPet\vendor\phpmailer\phpmailer\language\phpmailer.lang-hi.php", "PHP", 27, 0, 0, 0, 0, 0, 0, 0, 0, 6, 3, 36
"c:\xampp\htdocs\TiendaOnline_Veterinaria_TerraPet\vendor\phpmailer\phpmailer\language\phpmailer.lang-hr.php", "PHP", 20, 0, 0, 0, 0, 0, 0, 0, 0, 5, 3, 28
"c:\xampp\htdocs\TiendaOnline_Veterinaria_TerraPet\vendor\phpmailer\phpmailer\language\phpmailer.lang-hu.php", "PHP", 20, 0, 0, 0, 0, 0, 0, 0, 0, 5, 3, 28
"c:\xampp\htdocs\TiendaOnline_Veterinaria_TerraPet\vendor\phpmailer\phpmailer\language\phpmailer.lang-hy.php", "PHP", 20, 0, 0, 0, 0, 0, 0, 0, 0, 5, 3, 28
"c:\xampp\htdocs\TiendaOnline_Veterinaria_TerraPet\vendor\phpmailer\phpmailer\language\phpmailer.lang-id.php", "PHP", 22, 0, 0, 0, 0, 0, 0, 0, 0, 7, 3, 32
"c:\xampp\htdocs\TiendaOnline_Veterinaria_TerraPet\vendor\phpmailer\phpmailer\language\phpmailer.lang-it.php", "PHP", 20, 0, 0, 0, 0, 0, 0, 0, 0, 6, 3, 29
"c:\xampp\htdocs\TiendaOnline_Veterinaria_TerraPet\vendor\phpmailer\phpmailer\language\phpmailer.lang-ja.php", "PHP", 20, 0, 0, 0, 0, 0, 0, 0, 0, 7, 3, 30
"c:\xampp\htdocs\TiendaOnline_Veterinaria_TerraPet\vendor\phpmailer\phpmailer\language\phpmailer.lang-ka.php", "PHP", 20, 0, 0, 0, 0, 0, 0, 0, 0, 5, 3, 28
"c:\xampp\htdocs\TiendaOnline_Veterinaria_TerraPet\vendor\phpmailer\phpmailer\language\phpmailer.lang-ko.php", "PHP", 20, 0, 0, 0, 0, 0, 0, 0, 0, 5, 3, 28
"c:\xampp\htdocs\TiendaOnline_Veterinaria_TerraPet\vendor\phpmailer\phpmailer\language\phpmailer.lang-lt.php", "PHP", 19, 0, 0, 0, 0, 0, 0, 0, 0, 6, 3, 28
"c:\xampp\htdocs\TiendaOnline_Veterinaria_TerraPet\vendor\phpmailer\phpmailer\language\phpmailer.lang-lv.php", "PHP", 19, 0, 0, 0, 0, 0, 0, 0, 0, 6, 3, 28
"c:\xampp\htdocs\TiendaOnline_Veterinaria_TerraPet\vendor\phpmailer\phpmailer\language\phpmailer.lang-mg.php", "PHP", 20, 0, 0, 0, 0, 0, 0, 0, 0, 5, 3, 28
"c:\xampp\htdocs\TiendaOnline_Veterinaria_TerraPet\vendor\phpmailer\phpmailer\language\phpmailer.lang-mn.php", "PHP", 20, 0, 0, 0, 0, 0, 0, 0, 0, 5, 3, 28
"c:\xampp\htdocs\TiendaOnline_Veterinaria_TerraPet\vendor\phpmailer\phpmailer\language\phpmailer.lang-ms.php", "PHP", 20, 0, 0, 0, 0, 0, 0, 0, 0, 5, 3, 28
"c:\xampp\htdocs\TiendaOnline_Veterinaria_TerraPet\vendor\phpmailer\phpmailer\language\phpmailer.lang-nb.php", "PHP", 20, 0, 0, 0, 0, 0, 0, 0, 0, 4, 3, 27
"c:\xampp\htdocs\TiendaOnline_Veterinaria_TerraPet\vendor\phpmailer\phpmailer\language\phpmailer.lang-nl.php", "PHP", 27, 0, 0, 0, 0, 0, 0, 0, 0, 5, 3, 35
"c:\xampp\htdocs\TiendaOnline_Veterinaria_TerraPet\vendor\phpmailer\phpmailer\language\phpmailer.lang-pl.php", "PHP", 20, 0, 0, 0, 0, 0, 0, 0, 0, 4, 3, 27
"c:\xampp\htdocs\TiendaOnline_Veterinaria_TerraPet\vendor\phpmailer\phpmailer\language\phpmailer.lang-pt.php", "PHP", 20, 0, 0, 0, 0, 0, 0, 0, 0, 5, 3, 28
"c:\xampp\htdocs\TiendaOnline_Veterinaria_TerraPet\vendor\phpmailer\phpmailer\language\phpmailer.lang-pt_br.php", "PHP", 27, 0, 0, 0, 0, 0, 0, 0, 0, 9, 3, 39
"c:\xampp\htdocs\TiendaOnline_Veterinaria_TerraPet\vendor\phpmailer\phpmailer\language\phpmailer.lang-ro.php", "PHP", 27, 0, 0, 0, 0, 0, 0, 0, 0, 4, 3, 34
"c:\xampp\htdocs\TiendaOnline_Veterinaria_TerraPet\vendor\phpmailer\phpmailer\language\phpmailer.lang-ru.php", "PHP", 20, 0, 0, 0, 0, 0, 0, 0, 0, 6, 3, 29
"c:\xampp\htdocs\TiendaOnline_Veterinaria_TerraPet\vendor\phpmailer\phpmailer\language\phpmailer.lang-sk.php", "PHP", 22, 0, 0, 0, 0, 0, 0, 0, 0, 6, 3, 31
"c:\xampp\htdocs\TiendaOnline_Veterinaria_TerraPet\vendor\phpmailer\phpmailer\language\phpmailer.lang-sl.php", "PHP", 27, 0, 0, 0, 0, 0, 0, 0, 0, 7, 3, 37
"c:\xampp\htdocs\TiendaOnline_Veterinaria_TerraPet\vendor\phpmailer\phpmailer\language\phpmailer.lang-sr.php", "PHP", 20, 0, 0, 0, 0, 0, 0, 0, 0, 6, 3, 29
"c:\xampp\htdocs\TiendaOnline_Veterinaria_TerraPet\vendor\phpmailer\phpmailer\language\phpmailer.lang-sr_latn.php", "PHP", 20, 0, 0, 0, 0, 0, 0, 0, 0, 6, 3, 29
"c:\xampp\htdocs\TiendaOnline_Veterinaria_TerraPet\vendor\phpmailer\phpmailer\language\phpmailer.lang-sv.php", "PHP", 19, 0, 0, 0, 0, 0, 0, 0, 0, 6, 3, 28
"c:\xampp\htdocs\TiendaOnline_Veterinaria_TerraPet\vendor\phpmailer\phpmailer\language\phpmailer.lang-tl.php", "PHP", 20, 0, 0, 0, 0, 0, 0, 0, 0, 6, 3, 29
"c:\xampp\htdocs\TiendaOnline_Veterinaria_TerraPet\vendor\phpmailer\phpmailer\language\phpmailer.lang-tr.php", "PHP", 20, 0, 0, 0, 0, 0, 0, 0, 0, 9, 3, 32
"c:\xampp\htdocs\TiendaOnline_Veterinaria_TerraPet\vendor\phpmailer\phpmailer\language\phpmailer.lang-uk.php", "PHP", 20, 0, 0, 0, 0, 0, 0, 0, 0, 6, 3, 29
"c:\xampp\htdocs\TiendaOnline_Veterinaria_TerraPet\vendor\phpmailer\phpmailer\language\phpmailer.lang-vi.php", "PHP", 19, 0, 0, 0, 0, 0, 0, 0, 0, 6, 3, 28
"c:\xampp\htdocs\TiendaOnline_Veterinaria_TerraPet\vendor\phpmailer\phpmailer\language\phpmailer.lang-zh.php", "PHP", 20, 0, 0, 0, 0, 0, 0, 0, 0, 7, 3, 30
"c:\xampp\htdocs\TiendaOnline_Veterinaria_TerraPet\vendor\phpmailer\phpmailer\language\phpmailer.lang-zh_cn.php", "PHP", 20, 0, 0, 0, 0, 0, 0, 0, 0, 7, 3, 30
"c:\xampp\htdocs\TiendaOnline_Veterinaria_TerraPet\vendor\phpmailer\phpmailer\src\DSNConfigurator.php", "PHP", 138, 0, 0, 0, 0, 0, 0, 0, 0, 80, 30, 248
"c:\xampp\htdocs\TiendaOnline_Veterinaria_TerraPet\vendor\phpmailer\phpmailer\src\Exception.php", "PHP", 9, 0, 0, 0, 0, 0, 0, 0, 0, 28, 4, 41
"c:\xampp\htdocs\TiendaOnline_Veterinaria_TerraPet\vendor\phpmailer\phpmailer\src\OAuth.php", "PHP", 46, 0, 0, 0, 0, 0, 0, 0, 0, 79, 15, 140
"c:\xampp\htdocs\TiendaOnline_Veterinaria_TerraPet\vendor\phpmailer\phpmailer\src\OAuthTokenProvider.php", "PHP", 6, 0, 0, 0, 0, 0, 0, 0, 0, 35, 4, 45
"c:\xampp\htdocs\TiendaOnline_Veterinaria_TerraPet\vendor\phpmailer\phpmailer\src\PHPMailer.php", "PHP", 2854, 0, 0, 0, 0, 0, 0, 0, 0, 1890, 383, 5127
"c:\xampp\htdocs\TiendaOnline_Veterinaria_TerraPet\vendor\phpmailer\phpmailer\src\POP3.php", "PHP", 181, 0, 0, 0, 0, 0, 0, 0, 0, 234, 53, 468
"c:\xampp\htdocs\TiendaOnline_Veterinaria_TerraPet\vendor\phpmailer\phpmailer\src\SMTP.php", "PHP", 721, 0, 0, 0, 0, 0, 0, 0, 0, 604, 142, 1467
"Total", "-", 9392, 208, 312, 36, 112100, 29476, 525, 239, 8, 37989, 30940, 221225